<keymap version="1" name="Default copy" parent="Mac OS X 10.5+">
  <action id="ActivateFindToolWindow" />
  <action id="ActivateTerminalToolWindow">
    <keyboard-shortcut first-keystroke="meta 3" />
    <keyboard-shortcut first-keystroke="ctrl 3" />
  </action>
  <action id="Back">
    <keyboard-shortcut first-keystroke="meta open_bracket" />
    <mouse-shortcut keystroke="button4" />
  </action>
  <action id="ChangesView.GroupBy.Directory" />
  <action id="CloseActiveTab">
    <keyboard-shortcut first-keystroke="shift ctrl f4" />
    <keyboard-shortcut first-keystroke="ctrl w" />
  </action>
  <action id="CommentByBlockComment">
    <keyboard-shortcut first-keystroke="meta alt divide" />
    <keyboard-shortcut first-keystroke="shift meta divide" />
    <keyboard-shortcut first-keystroke="ctrl meta slash" />
  </action>
  <action id="CompareTwoFiles">
    <keyboard-shortcut first-keystroke="ctrl meta alt d" />
  </action>
  <action id="Console.Jdbc.Execute" />
  <action id="Console.Jpa.Execute" />
  <action id="Console.TableResult.ColumnsList">
    <keyboard-shortcut first-keystroke="meta f12" />
    <keyboard-shortcut first-keystroke="meta r" />
  </action>
  <action id="Console.TableResult.NextPage" />
  <action id="Console.TableResult.PreviousPage" />
  <action id="Console.TableResult.SubmitAddedRow" />
  <action id="CopyElement">
    <keyboard-shortcut first-keystroke="f5" />
    <keyboard-shortcut first-keystroke="ctrl d" />
  </action>
  <action id="DashLauncherAction">
    <keyboard-shortcut first-keystroke="shift alt d" />
  </action>
  <action id="Debug" />
  <action id="Diff.ShowDiff">
    <keyboard-shortcut first-keystroke="ctrl meta alt d" />
  </action>
  <action id="EditorDeleteLine">
    <keyboard-shortcut first-keystroke="meta back_space" />
    <keyboard-shortcut first-keystroke="meta l" />
    <keyboard-shortcut first-keystroke="ctrl l" />
  </action>
  <action id="EditorDeleteToWordStart">
    <keyboard-shortcut first-keystroke="alt back_space" />
    <keyboard-shortcut first-keystroke="ctrl back_space" />
  </action>
  <action id="EditorDown">
    <keyboard-shortcut first-keystroke="down" />
  </action>
  <action id="EditorLineEnd">
    <keyboard-shortcut first-keystroke="end" />
    <keyboard-shortcut first-keystroke="meta right" />
  </action>
  <action id="EditorLookupUp" />
  <action id="EditorSelectWord">
    <keyboard-shortcut first-keystroke="ctrl alt up" />
  </action>
  <action id="EditorSplitLine">
    <keyboard-shortcut first-keystroke="shift enter" />
  </action>
  <action id="EditorStartNewLine">
    <keyboard-shortcut first-keystroke="meta enter" />
  </action>
  <action id="EditorToggleCase" />
  <action id="EditorUnSelectWord">
    <keyboard-shortcut first-keystroke="ctrl alt down" />
  </action>
  <action id="EditorUp">
    <keyboard-shortcut first-keystroke="up" />
  </action>
  <action id="FileChooser.GotoModule" />
  <action id="FileChooser.TogglePathShowing" />
  <action id="FileStructurePopup" />
  <action id="Forward">
    <keyboard-shortcut first-keystroke="meta close_bracket" />
    <mouse-shortcut keystroke="button5" />
  </action>
  <action id="GotoAction">
    <keyboard-shortcut first-keystroke="shift meta a" />
    <keyboard-shortcut first-keystroke="shift meta p" />
  </action>
  <action id="GotoBookmark3" />
  <action id="GotoFile">
    <keyboard-shortcut first-keystroke="ctrl p" />
  </action>
  <action id="GotoLine">
    <keyboard-shortcut first-keystroke="ctrl g" />
  </action>
  <action id="GotoNextElementUnderCaretUsage" />
  <action id="GotoPrevElementUnderCaretUsage" />
  <action id="GotoRelated" />
  <action id="GotoRow" />
  <action id="GotoTest" />
  <action id="Images.ShowThumbnails" />
  <action id="IncrementalSearch">
    <keyboard-shortcut first-keystroke="shift meta i" />
  </action>
  <action id="Jdbc.RunQueryInConsole" />
  <action id="MethodUp" />
  <action id="MoveLineDown">
    <keyboard-shortcut first-keystroke="ctrl meta down" />
    <keyboard-shortcut first-keystroke="shift ctrl down" />
  </action>
  <action id="MoveLineUp">
    <keyboard-shortcut first-keystroke="ctrl meta up" />
    <keyboard-shortcut first-keystroke="shift ctrl up" />
  </action>
  <action id="NavBar-selectEnd">
    <keyboard-shortcut first-keystroke="end" />
    <keyboard-shortcut first-keystroke="meta right" />
  </action>
  <action id="NewElement">
    <keyboard-shortcut first-keystroke="meta n" />
    <keyboard-shortcut first-keystroke="ctrl enter" />
    <keyboard-shortcut first-keystroke="ctrl n" />
  </action>
  <action id="NextOccurence" />
  <action id="NextTab">
    <keyboard-shortcut first-keystroke="shift meta close_bracket" />
    <keyboard-shortcut first-keystroke="ctrl right" />
    <keyboard-shortcut first-keystroke="meta alt right" />
  </action>
  <action id="ParameterInfo" />
  <action id="PreviousOccurence" />
  <action id="PreviousTab">
    <keyboard-shortcut first-keystroke="shift meta open_bracket" />
    <keyboard-shortcut first-keystroke="ctrl left" />
    <keyboard-shortcut first-keystroke="meta alt left" />
  </action>
  <action id="RecentFiles">
    <keyboard-shortcut first-keystroke="ctrl e" />
  </action>
  <action id="Refresh" />
  <action id="RenameElement">
    <keyboard-shortcut first-keystroke="shift f6" />
    <keyboard-shortcut first-keystroke="meta r" />
    <keyboard-shortcut first-keystroke="ctrl r" />
  </action>
  <action id="ReopenClosedTab">
    <keyboard-shortcut first-keystroke="shift meta t" />
  </action>
  <action id="Replace" />
  <action id="Rerun" />
  <action id="Run" />
  <action id="SearchEverywhere">
    <keyboard-shortcut first-keystroke="shift ctrl a" />
  </action>
  <action id="SelectNextOccurrence">
    <keyboard-shortcut first-keystroke="shift meta d" />
    <keyboard-shortcut first-keystroke="ctrl d" />
  </action>
  <action id="ServiceView.GroupByServiceGroups" />
  <action id="ShowNavBar">
    <keyboard-shortcut first-keystroke="meta up" />
    <keyboard-shortcut first-keystroke="alt home" />
    <keyboard-shortcut first-keystroke="ctrl up" />
  </action>
  <action id="SplitHorizontally">
    <keyboard-shortcut first-keystroke="ctrl h" />
  </action>
  <action id="SplitVertically">
    <keyboard-shortcut first-keystroke="ctrl v" />
  </action>
  <action id="SurroundWithEmmet">
    <keyboard-shortcut first-keystroke="meta alt w" />
  </action>
  <action id="SwitchApply">
    <keyboard-shortcut first-keystroke="ctrl alt enter" />
  </action>
  <action id="SwitchLeft">
    <keyboard-shortcut first-keystroke="ctrl alt left" />
  </action>
  <action id="SwitchRight">
    <keyboard-shortcut first-keystroke="ctrl alt right" />
  </action>
  <action id="TodoViewGroupByShowPackages" />
  <action id="TypeHierarchy" />
  <action id="UML.ShowStructure">
    <keyboard-shortcut first-keystroke="meta f12" />
    <keyboard-shortcut first-keystroke="meta r" />
  </action>
  <action id="Uml.ShowDiff" />
  <action id="UsageView.Rerun" />
  <action id="Vcs.QuickListPopupAction" />
  <action id="ViewSource" />
</keymap>